Prepostion	Hindi	Punjabi	Telugu	Kannada	Tamil	Assamese	Gujarati	Odia	Marathi	Bengali	Malayalam	Examples
prepostion with object (default) - with nouns												
												
among	के बीच में	ਦੇ ਵਿੱਚ	మధ్యలో 	ನಡುವೆ 	இடையில்	ৰ মাজত	ની  વચ્ચે	ର ମଝିରେ	च्या मध्यभागी	এর মধ্যে 	കൂടെ	she was standing among the trees
pursuant to	के अनुसार	ਦੇ ਅਨੁਸਾਰ	అనుసరించి 	ಅನುಸಾರವಾಗಿ 	படி 	ৰ মতে	ની મુજબ	ର ଅନୁଯାଇ	अनुशंगाने	এর অনুসারে 	പ്രകാരം	A complaint was made pursuant to the rule
with a view to	के लक्ष्य से	ਦੇ ਲਕਸ਼ ਨਾਲ	దృష్టితో	ದೃಷ್ಟಿಯಿಂದ	என்ற நோக்கத்துடன் 	ক লক্ষ ৰাখি	ના ધ્યેય થી	ର ଲକ୍ଷ ରେ		আর জন্ন	ഒരു കാഴ്ചപ്പാടോടെ	starting working on it with a view to solve this problem
less	के अलावा	ਦੇ ਇਲਾਵਾ	తక్కువ 	ಹೊರತು 	தவிர	ৰ বাহিৰে	ના વગર	ର ବଦଳ ରେ	त्याला सोडून	কে ছাড়া 	കുറവ്	We earned two hundred dollars, less travel expenses.
into	में	ਵਿੱਚ	లోన 	ಒಳಗೆ 	உள்ளே	ৰ ভিতৰলৈ	માં	ରେ	मध्ये	ভিতর 	ഉള്ളിലേക്ക് 	as day turns into night
within	के अंदर	ਦੇ ਅੰਦਰ	లోపలకి 	ಒಳಗಡೆ 	உள்ளே	ৰ ভিতৰত	ની અંદર	ର ଭିତରେ	आत	এর ভিতর  	അകത്ത്	They live within the city limits.
while	जब तक	ਜਦ ਤਕ	అయితే	ಆವಾಗ	போது 	যেতিয়ালৈ	જ્યાર સુધી 	ଯେବେ ଯାଏଁ	तेव्हा पर्यंत 	যতক্ষন 	സമയത്ത്	while he was giving a lecture, we slept
mid	के बीच	ਦੇ ਵਿਚਾਲੇ	మధ్యలో 	ಮಧ್ಯ 	மத்தியில் 	ৰ মাজত	મધ્યે	ର ମଝି	मध्ये	এর মধ্যে 	മധ്യ	
down	के निचे	ਦੇ ਥੱਲੇ	దిగువగా	ಕೆಳಗೆ 	கீழே	ৰ তলত	ની નીચે	ର ତଳ	च्या खाली 	এর নীচে 	താഴേക്ക്	He went down the bridge
according to	के अनुसार	ਦੇ ਅਨੁਸਾਰ	ప్రకారము	ಅನುಸಾರವಾಗಿ 	படி 	ৰ মতে	ના મુજબ 	ର ଅନୁଯାଇ	त्या अनुसार 	অনুসারে 	അതുപ്രകാരം	According to science it is possible
anti	के खिलाफ	ਦੇ ਖ਼ਿਲਾਫ਼	హరింపచేసి 	ವಿರೋಧಿ 	எதிராக	ৰ বিপৰিতে	ની વિરુદ્ધ	ର ବିରୁଦ୍ଧ ରେ	च्या विरुद्ध 	এর বিপরীতে 	വിരുദ്ധം	Anup is anti Akshay
outside of	के बाहर	ਦੇ ਬਾਹਰ	బయటకు 	ಹೊರಗೆ 	வெளியே	ৰ বাহিৰত	ની બહાર	ର ବାହାରେ	च्या बाहेर 	এর বাইরে 	അതിനു പുറത്ത്	Superstitions, of course, persist outside of Africa as well.
next	अगला	ਅਗਲਾ	తరువాత 	ಮುಂದಿನ 	அடுத்து	পৰবৰ্ত্তী	આગલું	ର ପର	पुढील 	পরবর্তী 	അടുത്ത	All changes will be activated in the next round
at the behest of	के कहने पर	ਦੇ ਕਹਿਣ ਤੇ	అతని ఆజ్ఞా ద్వారా 	ಆಣತಿಯಂತೆ	உத்தரவின் பேரில்	ৰ কোৱাৰ মতে	ના કેહવા મુજબ	ର କହିବା ରୁ	च्या सांगण्या वरून 	এর কথা মত 	നിർദ്ദേശപ്രകാരം	He did at the behest of Anup
abreast	बराबर	ਬਰਾਬਰ	వరసగా 	ಸಮನಾಗಿ 	இணையாக	সমান	સમાન	ସମାନ	बरोबरीने	সমান 	ഇടയ്ക്കിടെ	
before	से पहले	ਤੋਂ ਪਹਿਲਾਂ	ముందు 	ಮುಂಚೆ 	முன்பாக	ৰ আগত	ની પેહલા	ର ପୂର୍ବରୁ	च्या आधी 	এর আগে 	മുമ്പ്	Anup comes before Akshay
considering	ध्यान में रखते हुए	ਧਿਆਨ ਰੱਖਦੇ ਹੋਏ	ఆలోచించి 	ಪರಿಗಣಿಸಿ	கொண்டு	ধ্যানত ৰাখি	ધ્યાનમાં રાખી ને	ଧ୍ୟାନ ରେ ରଖି	विचारात घेऊन 	মনে রেখে 	പരിഗണിച്ച്	Consedering the descision it should be done
beside	के साथ	ਦੇ ਨਾਲ	పక్కన 	ಬಳಿಯಲ್ಲಿ 	அருகில்	ৰ কাষত	ની સાથે	ର ସାଙ୍ଗରେ	च्या सोबत 	এর সাথে 	അരികിൽ	
from	से	ਤੋਂ	నుండి 	ಇಂದ 	இருந்து	পৰা	થી	ରୁ	पासून 	থেকে 	മുതൽ	
even if	भले ही	ਭਾਂਵੇ	అయిన కూడ 	ಆದರು	இருந்தபோதிலும்	যদিওবা	ભલે જો	ଯଦି ବି	जरी 	যদিওবা  	എന്നിരുന്നാലും	i am going to participate in the event even if others does not 
except	के अलावा	ਦੇ ਇਲਾਵਾ	విడిచిపెట్టు 	ಹೊರತುಪಡಿಸಿ	தவிர	ৰ বাহিৰে	સિવાય	ର ଛଡା	च्या शिवाय 	ছেড়ে 	ഒഴികെ	We all are here except Arun
amidst	के बीच	ਦੇ ਵਿਚ	మధ్య 	ನಡುವೆ 	இடையில்	ৰ মাজত	ના મધ્યે	ର ମଝି	च्या मध्ये	এর মধ্যে 	നടുവിലൂടെ	Anup is amidst the company.
by	के द्वारा	ਦੇ ਦੁਆਰਾ	ద్వారా 	ಇಂದ 	ஆல்	ৰ দ্ৱাৰা	ના દ્વારા	ର ଦ୍ଵାରା	च्या द्वारा 	এর দ্বারা 	വഴി	It is done by Anup.
to	को	ਨੂੰ	కు 	ಗೆ 	க்கு 	লৈ	ને	କୁ	ला 	তে 	ലേക്ക്	Give it to Anup.
ahead of	के आगे	ਦੇ ਅੱਗੇ	ముందుగ 	ಮುಂದೆ	முன்னால்	আগত	ની આગે	ର ଆଗରେ	च्या पुढे 	এর আগে 	മുന്നിൽ	Anup is ahead of Akshay
of	का	ਦਾ	యొక్క 	ಇಂದ 	இன்	ৰ	ની	ର	चा 	এর 	അതിൽ	This is book is of Anup.
up	के ऊपर	ਦੇ ਉੱਤੇ	పైకి 	ಮೇಲೆ 	மேல் 	ৰ ওপৰত	ની ઉપર	ର ଉପରେ	च्या वर 	উপর 	മുകളിലേക്ക്	Kepp the book up the table.
by virtue of	के आधार पर	ਦੇ ਅਧਾਰ ਤੇ	కారణమువలన	ಕಾರಣದಿಂದ 	அடிப்படையில்	ক আধাৰ কৰি	ના આધાર પર	ର ଆଧାରେ	च्या आधाराने	এর আধার 	അടിസ്ഥാനത്തിൽ	By virtue of law he is guilty
under	के नीचे	ਦੇ ਥੱਲੇ	కింద 	ಕೆಳಗೆ 	அடியில்	ৰ তলত	ની નીચે	ର ତଳେ	च्या खाली	এর নীচে 	കീഴെ	Keep the bottle under the table
such as	जैसे	ਜਿਵੇਂ	వంటి 	ತರಹ 	மாதிரி 	যেনে	જેમકે	ଯେମିତି କି	जसे 	এর মতো 	അതുപോലെ	
as soon as	जल्द से जल्द	ਜਲਦ	సాధ్యమయినంత త్వరగా	ಬೇಗ 	உடன் 	যিমান পাৰি সিমান সোনকালে	જલ્દીથી જલ્દી	ଯେତେ ଜଲ୍ଦି ହେଇ ପରେ	लवकरात लवकर	যত তাড়াতাড়ি 	ഉടനടി	
with regard to	के सम्बन्ध में	ਦੇ ਸਬੰਧ ਵਿੱਚ	సంభందించి 	ಸಂಬಂಧಿಸಿದ	குறித்து 	ৰ সম্মন্ধত	ના વિષય માં	ର ସମ୍ବନ୍ଧ ରେ	च्या संबंधित	এর সম্বন্ধে 	സംബന്ധിച്ച	
circa	लगभग	ਲਗਭਗ	సుమారు 	ಸುಮಾರು 	ஏறத்தாழ	প্ৰায়	લગભગ	ପାଖା ପାଖି	जवळपास 	প্রায় 	കുറിച്ച്	
over	के ऊपर	ਦੇ ਉੱਤੇ	పైన 	ಆಚೆಗೆ 	மேலே	ৰ ওপৰত	ની ઉપર	ର ଉପରେ	च्या वर 	এর উপর 	മേൽ	
as of	के रूप में	ਦੇ ਰੂਪ ਵਿੱਚ	నాటికి 	ರೂಪದಲ್ಲಿ 	வரை	ৰ ৰূপত	ના રૂપમાં 	ର ରୂପ ରେ	जसे 	এই রূপে 	പോലെ	
versus	के मुक़ाबले	ਦੇ ਮੁਕਾਬਲੇ	విరుద్ధముగా	ವಿರುದ್ಧ	எதிராக	ৰ বিপৰিতে	ની વિરુદ્ધ	ର ମୁକାବିଲା ରେ	च्या विरुद्ध	বনাম ,বিরুদ্ধে 	എതിരായി	
through	के माध्यम से	ਦੁਆਰਾ	ద్వారా 	ಮೂಲಕ	மூலம் 	ৰ মাধ্যমেৰে	ના દ્વારા	ର ମାଧ୍ୟମ ରେ	च्या माध्यमातून 	এর মাধ্যমে 	മുഖാന്തിരം	
around	के आस पास	ਦੇ ਆਲੇ ਦੁਆਲੇ	చుట్టూ 	ಸುತ್ತ 	ஏறத்தாழ	ৰ আসে পাসে	ની આજુબાજુ	ର ଆଖ ପାଖ ରେ	जवळपास 	এর কাছাকাছি 	ചുറ്റും	
than	से	ਤੋਂ	కన్న 	ಇಂತ 	விட	তকৈ	થી	ଠାରୁ	च्या पेक्षा 	থেকে 	അധികം	
outside	के बाहर	ਤੋਂ ਬਾਹਰ	బయట 	ಹೊರಗೆ 	வெளியே	ৰ বাহিৰত	ની બહાર	ର ବାହାରେ	च्या बाहेर 	এর বাইরে 	പുറത്ത്	
adjacent to	के पास	ਦੇ ਲਾਗੇ	పక్కనే 	ಪಕ್ಕದಲ್ಲಿ 	அருகில்	ৰ ওচৰত	ની બાજુમાં 	ର ପାଖ ରେ	च्या लगत 	এর সংলগ্ন 	 ന്‍റെ അടുത്ത്	
in accordance with	के अनुसार	ਦੇ ਅਨੁਸਾਰ	అనుసరించి 	ಅನುಸಾರವಾಗಿ 	படி 	ৰ অনুসাৰে	ના અનુસાર	ର ଅନୁସାରେ	च्या अनुसार 	এর অনুসারে 	ഇതനുസരിച്ച്	
amongst	के बीच में	ਦੇ ਵਿੱਚ	నడుమ 	ನಡುವೆ 	இடையில்	ৰ ভিতৰত	ના મધ્યમાં	ର ମଝିରେ	च्या मध्ये 	এর মধ্যে থেকে 	ഇടയിൽ	
underneath	के नीचे	ਦੇ ਥੱਲੇ	కింద 	ಕೆಳಗೆ 	அடியில்	ৰ তলত	ની નીચે 	ର ତଳେ	च्या खाली 	এর নীচে 	കീഴെ	
upside	उल्टा	ਪੁੱਠਾ	పైభాగము	ಉಲ್ಟಾ 	தலைகீழாக	ওলোটা	ઊંધું	ର ତଳେ	वरती 	উল্টো 	ഉയർച്ച	
despite	के बावजूद	ਦੇ ਬਾਵਜੂਦ	అతిక్రమించి 	ಹೊರತಾಗಿ	இருந்தபோதிலும்	ৰ স্বত্তেও	છતાં	ର ସତ୍ତ୍ବେ	तरी सुद्धा 	তা স্বত্তেও 	എങ്കിലും	
during	के दौरान	ਦੇ ਦੌਰਾਨ	అప్పుడు 	ಸಮಯದಲ್ಲಿ 	போது	ৰ সময়ত	દરમ્યાન	ର ବେଳେ	च्या दरम्यान 	এই সময়ে 	സമയത്ത്	
with	के साथ	ਦੇ ਨਾਲ	చేత 	ಜೊತೆಗೆ 	உடன்	ৰ সৈতে	સાથે	ର ସାଙ୍ଗରେ	च्या सोबत 	এর সাথে 	കൂടെ	
below	के नीचे	ਦੇ ਥੱਲੇ	కింద 	ಕೆಳಗೆ 	கீழே	ৰ তলত	 નીચે	ର ତଳେ	च्या खाली 	এর নীচে 	താഴെ	
absent	के बिना	ਗੈਰਹਾਜ਼ਰ	అనుపస్థిత	ಅನುಪಸ್ಥಿತ	இல்லாமல்	ৰ অবিহনে	ગેરહાજર	ର ଛଡା	च्या शिवाय	এ ছাড়া 	അഭാവത്തിൽ	
regarding	के बारे में	ਦੇ ਬਾਰੇ 'ਚ	గురించి 	ಕುರಿತಾಗಿ 	பற்றி 	ৰ বিষয়ে	સંબંધિત	ର ବିଷୟ ରେ 	च्या बाबतीत 	এর সম্বন্ধে 	കുറിച്ച്	
save	के अलावा	ਦੇ ਇਲਾਵਾ	తప్ప 	ಹೊರತಾಗಿ	தவிர	ৰ বাহিৰে	ના વગર	ର ଛଡା	त्याला सोडून 	এটা ছাড়া 	രക്ഷിക്കും	We had no hope save one.
bar	के अलावा	ਨੂੰ ਛੱਡ ਕੇ	అడ్డుపడు	ಹೊರತುಪಡಿಸಿ 	தவிர	ৰ বাহিৰে	ના વગર	ର ଛଡା	त्याला सोडून 	এটা ছাড়া 	ഇതു കൂടാതെ	She is the brightest student I've ever known, bar none. [=I have never known a student who is brighter than she is]
like	जैसे	ਜਿਵੇਂ	పోలిన 	ತರಹ 	மாதிரியாக 	ৰ নিচিনা	જેમકે 	ଯେମିତି କି	जसे 	মতো 	അതു പോലെ	He is like Anup
excluding	को हटा कर	ਨੂੰ ਹਟਾ ਕੇ	విడిచి 	ಹೊರತುಪಡಿಸಿ 	தவிர	ক এৰি	ને બાદ કરી 	କୁ ଛାଡି	ला वगळून 	ব্যতীত 	ഒഴികെ	Excluding the offer the price was not good.
inside	के अंदर	ਦੇ ਅੰਦਰ	లోపల 	ಒಳಗೆ 	உள்ளே	ৰ ভিতৰত	અંદર	ର ଭିତରେ	च्या आत 	এর মধ্যে 	ഉള്ളിൽ	The ball is inside home.
by means of	के ज़रिये	ਦੇ ਜ਼ਰੀਏ	సాదన ద్వారా 	ಮೂಲಕ 	மூலம் 	ৰ জৰিয়তে	માધ્યમ દ્વારા	ର ବ୍ୟବହାର କରି	च्या माध्यमातुन 	উপায়ে 	മുഖേന	He went by means of air.
as far as	जहाँ तक	ਜਿੱਥੇ ਤਕ	వీలైనంత	ಮಟ್ಟಿಗೆ 	வரையில்	যিমানলৈ	જ્યાં સુધી	ଯେବେ ଯାଏଁ	जिथ पर्यंत 	যত দূর 	അതുവരെ	As far as I know , he is not guilty.
because of	की वजह से	ਦੀ ਵਜਹ ਤੋਂ	ఎందుకంటే	ಕಾರಣದಿಂದ 	காரணமாக	ৰ কাৰণে	ના કારણે	ର ପାଇଁ	च्या कारणाने 	এর কারণে 	കാരണം	Because of Anup , we lost the match
as regards	के सम्बन्ध में	ਦੇ ਬਾਰੇ 'ਚ	దానికి సంబంధించి 	ಸಂಬಂಧಿಸಿದಂತೆ 	பொறுத்த வரை	ৰ সম্মন্ধত	બાબતે	ର ସମ୍ବନ୍ଧ ରେ	च्या संदर्भातील 	এর সম্বন্ধে 	ഇതിനെ സംബന്ധിച്ച്	As regards [=regarding] your first question, we cannot assist you.
until	तक	ਤਕ	వరకు 	ತನಕ 	வரையில் 	ৰ লৈকে	ત્યાં સુધી	ଯାଏଁ	पर्यंत 	পর্য্যন্ত 	വരെ	We are here until evening.
as well as	साथ ही साथ	ਨਾਲ ਨਾਲ	అలాగే 	ಹಾಗೂ 	அதே போல்	ৰ লগতে	તેમજ	ର ସାଙ୍ଗରେ	तसेच 	পাশাপাশি 	അതുപോലെ തന്നെ	He dance as well as sung.
opposite of	के विपरीत	ਦੇ ਉਲਟ	వ్యతిరేకం 	ವಿರುದ್ಧ 	நேர்மாறாக	ৰ বিপৰিতে	ની વિરુદ્ધ	ର ବିପରୀତ ରେ	च्या विरुद्ध	এর বিপরীত 	വിപരീതമായ	Agara is opposite of HSR
due to	की वजह से	ਦੀ ਵਜਹ ਤੋਂ	కారణంగా	ಕಾರಣ 	காரணமாய்	ৰ কাৰণে	ના કારણે	ର ଯୋଗୁଁ 	च्या मुळे 	কারণে	കാരണം	Due to rain ,the match stopped
following	होने पर	ਹੋਣ ਤੇ	అనుసరించి 	ಅನುಸರಿಸುವ	தொடர்ந்து 	ৰ হোৱাৰ পিচত	થવા પર	ହବା ଯୋଗୁଁ	झाल्या वर 	হওয়ার জন্য 	പിന്തുടരുന്നു	Following the pain, he ate medicine
near to	के पास	ਦੇ ਨੇੜੇ	దగ్గరగా 	ಹತ್ತಿರ	அருகில்	ৰ কাষত	ની નજીક	ର ପାଖରେ	च्या जवळ 	এর নিকট 	സമീപം	HSR is near to kormangala
beneath	के नीचे	ਦੇ ਥੱਲੇ	తక్కువ 	ಕೆಳಗೆ 	கீழே	ৰ তলত	ની નીચે	ର ତଳେ	च्या खाली 	এর নীচে 	കീഴ്ഭാഗത്ത്	Ball is beneath the table
minus	के सिवाय	ਦੇ ਸਿਵਾ	 మినహాయింపు	ಹೊರತುಪಡಿಸಿ	இல்லாமல்	ৰ অবিহনে	ના વગર	ର ଛଡା	च्या शिवाय 	ছাড়া , বিনা 	ഒഴികെ	We all are here minus Anup.
pre	के पूर्व	ਤੋਂ ਪਹਿਲਾਂ	పూర్వ 	ಪೂರ್ವ 	முன்பாக	ৰ পূৰ্বে	ની પૂર્વ	ର ପୂର୍ବ ରୁ	च्या आधी 	প্রাক 	മുന്‍പ് 	You should drink water pre workout
atop	के ऊपर	ਦੇ ਉੱਤੇ	పైన 	ಮೇಲೆ 	அதற்கு மேல்	ৰ ওপৰত	ની ઉપર	ର ଉପରେ	च्या वर 	এর উপর 	മുകളിൽ	Book is atop the table
on account of	की वजह से	ਦੀ ਵਜਹ ਤੋਂ	ఆ సందర్భంలో 	ಸಲುವಾಗಿ 	காரணமாக	ৰ কাৰণে	ના કારણે	ର ଲାଗି	च्या कारणाने 	কারণে	കാരണം	On account of republic day, the shop will be closed.
in spite of	के बावजूद	ਦੇ ਬਾਵਜੂਦ	అయినప్పటికీ	ಹೊರತಾಗಿಯೂ	இருந்தபோதிலும்	ৰ স্বত্তেও	તેમ છતા પણ	ର ପରେ ବି	तरीही 	তা স্বত্তেও 	എന്നിട്ടുപോലും	In spite of rain , we played the match
in lieu of	के बदले	ਦੇ ਬਦਲੇ	బదులుగా	ಬದಲಿಗೆ 	அதற்கு பதிலாக 	ৰ পৰিবৰ্ত্তে	ની બદલે	ର ବଦଳ ରେ	च्या बदल्यात 	পরিবর্তে	പകരം	The company is allowing workers to receive cash in lieu of vacation time.
alongside	के साथ	ਦੇ ਨਾਲ	కలసి 	ಜೊತೆಗೆ 	உடன்	ৰ সৈতে	ની સાથે	ର ସାଙ୍ଗରେ	च्या सोबत 	এর পাশাপাশি	അതോടൊപ്പം	He is dancing alongside singing.
near	के पास	ਦੇ ਨੇੜੇ	దగ్గెర 	ಹತ್ತಿರ 	அருகில்	ৰ কাষত	ની નજીક	ର ପାଖରେ	च्या जवळ 	এর নিকটে 	സമീപം	My home is near cafe.
next to	के बगल में	ਦੇ ਲਾਗੇ	పక్కన 	ಪಕ್ಕ 	பக்கத்தில்	ৰ কাষত	ના પછીનું	ର ପାଖରେ	च्या पुढे 	এর কাছে 	അടുത്തതായി	My home is next to the street
past	के बाद	ਤੋਂ ਬਾਦ	వెనక 	ಕಳೆದ 	தாண்டி 	ৰ পিছত	ના પછી	ର ପରେ	च्या नंतर 	এর পরে 	കഴിഞ്ഞ	We are here past 10.
owing to	के कारण	ਦੇ ਕਾਰਣ	కారణం వల్ల 	ಕಾರಣದಿಂದ	காரணமாக	ৰ কাৰণে	ના કારણે	ର କାରଣ ରୁ	चे कारण 	এর কারণে 	കാരണം	Owing to illness, he is on leave.
as	के जैसा	ਦੇ ਜਿਹਾ	అందున 	ಅಂತೆ 	ஆக 	ৰ নিচিনা	તરીકે	ର ଭଳି	जसे 	এর মতো 	പോലെ	He is as Anup
at	पर	 'ਤੇ	వద్ద 	ಅಲ್ಲಿ 	இல்	ওপৰত	પર 	ଠାରେ	वर 	এ 	ല്‍ 	He is at the station
with respect to	के सम्बन्ध में	ਦੇ ਸਬੰਧ ਵਿੱਚ	సంబంధించడంతో 	ಸಂಬಂಧಿಸಿದಂತೆ	பொறுத்த வரை	ৰ তুলনাত	ને સંબંધિત	ର ସମ୍ବନ୍ଧ ରେ	च्या संदर्भातील 	এর তুলনায় 	അതു സംബന്ധിച്ച് 	With respect to the compaint , this is the outcome
in	में	 'ਚ	ఇందు 	ಒಳಗೆ 	இல்	ভিতৰত	માં	ରେ	मध्ये 	মধ্যে 	അകത്ത്	He is in the club.
notwithstanding	के बावजूद	ਦੇ ਬਾਵਜੂਦ	అయినప్పటికిని	ಹೊರತಾಗಿ 	இருப்பினும்	ৰ স্বত্তেও	તેમ છતાં	ର ପରେ ବି	तरीसुद्धा 	তা স্বত্তেও 	ഉണ്ടെന്നിരുന്നാലും	The law was passed, our objections notwithstanding. [=the law was passed despite our objections]
beyond	के बाहर	ਦੇ ਬਾਹਰ	అవతల 	ಆಚೆ 	அப்பால்	ৰ বাহিৰত	બહાર	ର ବାହାରେ	च्या बाहेर 	এর বাইরে 	അതിനപ്പുറം	He is beyond our reach.
opposite to	के सामने	ਦੇ ਸਾਮਣੇ	ఎదురుగా	ವಿರುದ್ಧ 	முன்னால்	ৰ সন্মুখত	ના વિરુદ્ધ	ର ସାମନା ରେ	च्या समोर 	এর সামনে 	മുന്നില്‍ 	My home is opposite to club
close to	के पास	ਦੇ ਨੇੜੇ	దగ్గరగా	ಹತ್ತಿರ 	அருகில்	ৰ ওচৰত	નજીક	ର ପାଖ ରେ	च्या जवळ 	এর সামনে 	അടുത്ത്	My home is close to bus stop
in front of	के सामने	ਦੇ ਸਾਮਣੇ	ముందు 	ಎದುರು 	முன்னால்	ৰ সন্মুখত	ની સામે	ର ସାମନା ରେ	च्या समोर 	এর সামনে 	മുമ്പിൽ	My home is in front of bus stop
thanks to	की बदौलत	ਦੀ ਬਦੌਲਤ	మీకు ధన్యవాదాలు	ಕಾರಣದಿಂದ 	காரணம்	ৰ জৰিয়তে	ના કારણે 	ର ଦୟା ରୁ	च्या बदल्यात 	এর জন্য 	നന്ദി	Thanks to Anup , we won (Due to Anup , we won)
for	के लिए	ਦੇ ਲਈ	కోసం 	ಗಾಗಿ 	ஆக	ৰ কাৰণে	માટે	ପାଇଁ	च्या साठी 	এর জন্য 	വേണ്ടി 	This is for Anup
as if	जैसे की	ਜਿਵੇਂ ਕਿ	అన్నట్లు 	ರೀತಿ 	மாதிரி 	যেন	જેમકે 	ଯେମିତି କି	जसे की 	যেন	പോലെ	As if he knows everything.
since	से	ਤੋਂ	నుండి 	ಅ೦ದಿನಿ೦ದ	முதல் 	ৰ পৰা	થી 	ରୁ	पासून 	থেকে 	മുതലുള്ള	Since long time he is ill.
rather than	के बजाय	ਨਾਲੋਂ	దానికన్నా	ಬದಲಿಗೆ 	பதிலாக	বৰঞ্চ	તેના કરતા	ର ବଦଳ ରେ	च्या ऐवजी	বরঞ্চ 	അതിലും കൂടുതൽ	Rather than(instead of) going home , he went to play
aside from	के अलावा	ਦੇ ਇਲਾਵਾ	మరో పక్క 	ಹೊರತುಪಡಿಸಿ 	தவிர 	ৰ বাহিৰে	સિવાય	ର ବଦଳ ରେ	च्या शिवाय 	কে ছাড়া 	അതല്ലാതെ	Aside from story books, he has many novels.
per	प्रति	ਦਾ	ప్రతి 	ಪ್ರತಿ 	ஒரு 	প্ৰতি	પ્રતિ	ପ୍ରତି	प्रति 	প্রতি 	ഓരോ	The pay is $12 per hour.
subsequent to	के बाद	ਤੋਂ ਬਾਦ	తదుపరి 	ನಂತರದ 	பின்னர் 	ৰ পিচত	ના પછી 	ର ପରେ	च्या नंतर 	এর পর 	അതിനുശേഷം	There is dance show subsequent to awards.
as opposed to	के मुकाबले	ਦੇ ਮੁਕਾਬਲੇ	వ్యతిరేకంగా 	ವಿರುದ್ಧವಾಗಿ 	பதிலாக	ৰ বিপৰিতে	ના વિરોધ માં	ର ମୁକାବିଲା ରେ	च्या तुलनेत 	এর তুলনায় 	എതിരെയുളള	Anup is nothing as opposed to(in comparisionm to) Akshay
till	तक	ਤਕ	వరకు 	ತನಕ 	வரை	লৈ	સુધી	ଯାଏଁ	पर्यंत 	পর্য্যন্ত 	വരെ	We are here till 10.
behind	के पीछे	ਦੇ ਪਿੱਛੇ	వెనక 	ಹಿಂದೆ 	பின்னால்	ৰ পিচত	ની પાછળ 	ର ପଛ ରେ	च्या पाठी 	এর পিছনে 	പിന്നിൽ	My home is behind the forest walls
up to	तक	ਤਕ	వరకు 	ತನಕ 	அது வரை	লৈ	સુધી 	ଯାଏଁ	पर्यंत 	পর্য্যন্ত 	 വരെ	He is up to the mark.
on top of	के ऊपर	ਦੇ ਉੱਤੇ	పైన 	ಅದಲ್ಲದೇ 	அதற்கு மேல்	ৰ ওপৰত	ની ઉપર 	ର ଉପରେ	च्या वर 	এর উপর 	ന്‍റെ മുകളില്‍ 	The book is on top of the table.
astride	के आर-पार	ਦੇ ਆਰ-ਪਾਰ	అడ్డంగా 		கால்களை அகற்றி	ৰ ইপাৰ সিপাৰ	ની આર પાર 	ର ଏପଟେ-ସେପଟେ	च्या आर-पार	এর আশপাশ  	അരികിൽ	She was sitting astride a horse.(with one leg or part on each side of (something))
above	के ऊपर	ਦੇ ਉੱਤੇ	పైన 	ಮೇಲೆ 	மேலே	ৰ ওপৰত	ની ઉપર 	ର ଉପରେ	च्या वर 	এর উপর 	മുകളിൽ	He is above the rooftop.
between	के बीच में	ਦੇ ਵਿੱਚ	మధ్య 	ನಡುವೆ 	இடையே	ৰ মাজত	ની વચમાં 	ର ମଝିରେ	च्या मध्ये 	এর মধ্যে 	ഇടയില്	The marker is in between the pages
out of	में से	ਵਿੱਚੋਂ	లోనుంచి	ಅದರಿಂದ 	க்கு 	ৰ মাজৰ পৰা	માંથી 	ରୁ	च्या मधून 	এর মধ্যে 	ല്‍ നിന്നും	3 out of 5
out	के बाहर	ਦੇ ਬਾਹਰ	బయటకు 	ಹೊರಗೆ 	வெளியே	ৰ বাহিৰ	બહાર		च्या बाहेर 	এর বাইরে 	പുറത്ത്	She looked out [=out of] the window.
across	में	ਵਿੱਚ	అడ్డముగా 	ಅಡ್ಡಲಾಗಿ	குறுக்காக	ওপৰত	સમગ્ર	ରେ	मध्ये 	দিয়ে 	കുറുകേ	Airplanes flew across the sky above us.
apart from	के अलावा	ਦੇ ਇਲਾਵਾ	అది కాకుండా	ಹೊರತುಪಡಿಸಿ 	தவிர 	ৰ বাহিৰে	સિવાય	ର ଛଡା	च्या शिवाय 	এটা ছাড়া 	ഇതുകൂടാതെ	Apart from Anup , everyone is present.
on behalf of	की ओर से	ਦੀ ਤਰਫ਼ੋਂ	బదులుగా 	ಪರವಾಗಿ 	பதிலாக	ৰ ফালৰ পৰা	વતી	ର ତରଫ ରୁ	च्या वतीने 	তরফে	ഇതിന്റെ പേരിൽ	On behalf of the company, everyone is getting laptops.
towards	की तरफ	ਦੀ ਤਰਫ਼	పక్కగా 	ಕಡೆಗೆ 	நோக்கி	ৰ তৰফলৈ	તરફ	ର ଆଡକୁ	च्या दिशेने 	এর দিকে 	ഭാഗത്തേക്കു	He is going towards the town
in addition to	के साथ	ਦੇ ਨਾਲ	అదనంగా	ಜೊತೆಗೆ 	மேலும்	ৰ লগতে	ની સાથે 	କୁ ମିସେଇ କରି	च्या सोबत 	এর সাথে 	ഇതിനുപുറമെ	This is in addition to the gift.
opposite	के सामने	ਦੇ ਸਾਮਣੇ	ఎదురుగానున్న	ವಿರುದ್ಧ 	எதிரில்	ৰ সন্মুখত	ની વિરુદ્ધ	ର ଆଗରେ	च्या समोर 	এর সামনে 	ന്‍റെ മുന്നില്‍ 	My home is opposite the club
after	के बाद	ਤੋਂ ਬਾਦ 	తరువాత 	ನಂತರ 	பிறகு	ৰ পাছত	ના પછી	ର ପରେ	च्या नंतर 	এর পরে 	ശേഷം	He will come after 10.
upon	पर	 'ਤੇ	మీద 	ಮೇಲೆ 	மீது	ৰ ওপৰত	ઉપર	ଉପରେ	वर 	উপর 	മേൽ	He carefully placed the vase upon the table.
in order to	के लिए	ਦੇ ਲਈ	ఆ క్రమంలో	ಸಲುವಾಗಿ 	என்பதற்காக 	ৰ কাৰণে	ના અનુસાર	ର ଲାଗି	च्या साठी 	এর জন্য 	ഇതിനായി	In order to make thing work , he is strict.
in case of	के मामले में	ਦੇ ਮਾਮਲੇ 'ਚ	ఆ విషయంలో 	ಸಂದರ್ಭದಲ್ಲಿ 	வேளை	ৰ বিষয়ত	એ પરિસ્થિતિ માં	ର ବେଳେ	या विषयात 	ক্ষেত্রে 	അത്തരം സാഹചര്യത്തിൽ	In case of accident , you should appraoch police.
if	अगर	ਜੇ	అయితే 	ಪಕ್ಷದಲ್ಲಿ 	எனினும்	যদি	જો	ଯଦି	जर 	যদি 	എങ്കിൽ	If he is here , it will be good.
but	लेकिन	ਪਰ	కానీ 	ಆದರೆ 	ஆனால்	কিন্তু	પરંતુ	କିନ୍ତୁ	परंतु 	কিন্তু 	പക്ഷേ	There was no one there but him.
besides	के अलावा	ਦੇ ਇਲਾਵਾ	పక్కన 	ಅಲ್ಲದೆ 	தவிர 	ৰ বাহিৰে	ઉપરાંત	କୁ ଛାଡି	च्या शिवाय 	এ ছাড়া 	കൂടാതെ	There's no one here besides [=except] me.
throughout	के दौरान	ਦੇ ਦੌਰਾਨ	అంతట 	ಉದ್ದಕ್ಕೂ	முழுவதும் 	ৰ সময়ত	સમગ્ર	କୁ ବେଳେ	च्या दरम्यान 	তবুও 	മുഴുവൻ	His supporters remained loyal throughout his difficulties.
astern of	के पीछे	ਦੇ ਪਿੱਛੇ	వెనకతట్టున	ಹಿಂದೆ 	பின்னால்	ৰ পিচত	ની અસ્થિ	ର ପଛ ରେ	च्या मागे 	এর পিছনে 	ന്‍റെ പുറകില്‍ 	This is astern of ship.
along	के साथ	ਦੇ ਨਾਲ	వెంట 	ಜೊತೆಗೆ	அருகில்	ৰ সৈতে	ની સાથે	ର ସାଙ୍ଗରେ	च्या सोबत 	এর সাথে 	ന്‍റെ കൂടെ 	He has gone out along Anup.
as per	के अनुसार	ਦੇ ਅਨੁਸਾਰ	దాన్నిప్రకారం 	ಅನುಸಾರವಾಗಿ 	படி 	ৰ অনুসাৰে	આ પ્રમાણે	ର ଅନୁଯାଇ	च्या अनुसार 	এই অনুসারে 	പ്രകാരം	As per the directions, we should go right.
abroad	विदेश	ਵਿਦੇਸ਼	విదేశాల్లో	ವಿದೇಶ 	வெளிநாட்டில்	বিদেশ	વિદેશમાં	ବିଦେଶ	विदेश 	বিদেশ 	വിദേശത്ത്	
in place of	के बदले	ਦੇ ਬਦਲੇ	బదులుగా 	ಬದಲಾಗಿ 	பதிலாக	ৰ ঠাইত	તેની જગ્યાએ	ର ବଦଳ ରେ	च्या बदल्यात 	এর বদলে 	അതിനു പകരമായി	He is here in place of (instead of) Anup
a	एक	ਇੱਕ	ఒక 	ಒಂದು 	ஒரு 	এক	એક 	ଗୋଟେ	एक 	এক 	ഒരു	
on	पर	 'ਤੇ	మీద 	ಮೇಲೆ 	மீது	ওপৰত	પર 	ଉପରେ	वर 	উপর 	മുകളില്‍	The book is on the table.
about	के बारे में	ਦੇ ਬਾਰੇ 'ਚ	చుట్టూ 	ಬಗ್ಗೆ 	பற்றி 	ৰ বিষয়ে	વિષયમાં 	ର ବିଷୟ ରେ	च्या विषयी 	এর সম্বন্ধে 	കുറിച്ച്	Tell me something about Bangalore.
off	से दूर	ਤੋਂ ਦੂਰ	లేకుండా 	ದೂರ 	விலகி 	ৰ পৰা আতৰত	દૂર 	ରୁ ଦୂର	पासून दूर 	এর থেকে দূরে 	അകലെ നിന്ന് 	The ball bounced off the wall.
unlike	से भिन्न	ਤੋਂ ਅੱਡ	పోలికలేని 	ಭಿನ್ನ	வேறு மாதிரியான	ৰ বিপৰিতে	થી ભિન્ન 	ଠାରୁ ଭିନ୍ନ	च्या पेक्षा वेगळे 	এর ভিন্ন 	നിന്ന് വ്യത്യസ്തമാണ് 	He is unlike others
inside of	के अंदर	ਦੇ ਅੰਦਰ	లోపలి 	ಒಳಗೆ 	உள்ளே	ৰ ভিতৰত	ની અંદર	ର ଭିତରେ	च्या आत 	এর ভিতর 	ന്‍റെ അകത്ത് 	He is inside of the tunnel.
back to	वापस	ਵਾਪਸ	తిరిగి 	ಹಿಂದೆ 	திரும்ப	উভতি	પાછળ	ପୁଣି ଥରେ	परत 	ফেরা 	തിരിച്ച്	He is back to home
via	के द्वारा	ਦੇ ਦੁਆਰਾ	ద్వారా 	ಮೂಲಕ 	வழியாக	ৰ দ্ৱাৰা	દ્વારા	ର ଦ୍ୱାରା	च्या द्वारे 	এর দ্বারা  	വഴി	He went ranchi via delhi.
amid	के बीच	ਦੇ ਵਿੱਚ	మధ్య 	ಮಧ್ಯೆ 	மத்தியில்	ৰ মাজত	વચ્ચે	ର ମଝିରେ	च्या मध्ये 	এর মধ্যে 	ന്‍റെ ഇടയില്‍	He is amid the trees
worth	के लायक	ਦੇ ਜੋਗ	అర్హత	ಅರ್ಹ 	தகுதி	ৰ যোগ্য	ને યોગ્ય 	ର ଯୋଗ୍ୟ	च्या लायक 	এর যোগ্য 	വിലമതിക്കുന്നു 	He is worth the price
against	के खिलाफ	ਦੇ ਖਿਲਾਫ਼	విరుద్ధముగా 	ವಿರುದ್ಧ 	எதிராக	ৰ বিৰুদ্ধে	ની સામે	ର ବିରୁଦ୍ଧ ରେ	च्या विरुद्ध 	এর বিরুদ্ধে 	ന് എതിരാണ്  	He is against the policies
round	के चारों ओर	ਦੇ ਚਾਰੋਂ ਪਾਸੇ	చుట్టు 	ಸುತ್ತ 	வட்டமான	ৰ চাৰিও ফালে	ની ચારે બાજુ 	ର ସବୁ ପଟେ	च्या चारी बाजूला 	এর চারপাশে 	ചുറ്റും	There is fence round the wall.
without	के बिना	ਦੇ ਬਿਨਾ	లేకుండా 	ಇಲ್ಲದೆ 	இல்லாமல்	ৰ অবিহনে	ના વગર	ର ଛଡା	च्या शिवाय 	এ ছাড়া, বিনা  	കൂടാതെ 	We are sad without Anup
plus	और	 'ਤੇ	మరియు 	ಮತ್ತು 	கூட	আৰু	અને 	ଆଉ	आणि 	যোগ 	അധികം 	4 plus 5 equals 9
aboard	पर	 'ਤੇ	పైకి 	ಮೇಲೆ 	மீது	ত উঠি	પર 	ଉପରେ	वर 	এ 	ല്‍ 	She got aboard [=on board] the train.
prior to	से पहले	ਤੋਂ ਪਹਿਲਾਂ	దీని ముందు	ಮೊದಲು 	முன்பாக	ৰ আগত	પહેલાં	ର ପୂର୍ବ ରୁ	च्या आधी 	এর আগে 	അതിനു മുന്‍പ്	It should be done prior to that.
regardless of	के बावजूद	ਦੇ ਬਾਵਜੂਦ	సంబంధం లేకుండా	ಏನೇ ಆದರೂ 	பொருட்படுத்தாமல்	নিৰ্বিশেষে	તે છતાં 	ର ସତ୍ତ୍ୱେ	तरी सुद्धा 	নিৰ্বিশেষে	പരിഗണിക്കാതെ	Regardless of warning, he commited the same mistake
onto	पर	ਉੱਤੇ	మీద 	ಮೇಲೆ 	மீது	ওপৰলৈ	પર	ଉପରେ	वर 	উপর 	മുകളിലേക്ക്	The book fell onto the floor.
that	कि	ਕਿ	అని 	ಏನೆಂದರೆ 	அது	যে	કે	ଯେ	की 	যে 	അത്	I never said that I was afraid.
instead of	के बजाय	ਦੇ ਬਜਾਏ	బదులుగా 	ಬದಲಾಗಿ 	பதிலாக	পৰিবৰ্ত্তে	ની બદલે	ର ବଦଳ ରେ	त्याऐवजी	পরিবর্তে 	അതിനു പകരം	He gave me 3 instead of 2.
once	एक बार	ਇੱਕ ਵਾਰ	ఒకసారి 	ಒಮ್ಮೆ 	ஒருமுறை 	এবাৰ	એકવાર	ଗୋଟେ ଥର	एकदा	একবার 	ഒരിക്കല്‍ 	Do it once
preposition as Dative - with noun	He gave the letter to sidharth											
												
to	को	ਨੂੰ	మీకు 	ಗೆ 	க்கு 	ক	ને	କୁ	ला 	কে	ന്	He gave the letter to Anup
for	के लिए	ਦੇ ਲਈ	కోసం 	ಗಾಗಿ 	ஆக	ৰ কাৰণে	માટે	ର ପାଇଁ	च्या साठी 	র জন্ন	വേണ്ടി	This is for Anup
preposition as Dative - with pronoun	He gave the letter to him											
- removal of post position from above												
to		ਨੂੰ	మీకు 	ಗೆ 	க்கு 				ला 		ന്	He gave the letter to him.
for	लिए	ਦੇ ਲਈ	కోసం 	ಗಾಗಿ 	ஆக	কাৰণে	માટે	ପାଇଁ	च्या साठी 	জন্ন	വേണ്ടി	This is for him
preposition as mark (conjunction)	You can double your fashion flair as you wear this Beautiful Kurti.											
												
lest	ताकि	ਕਿਤੇ	కాకుండా 	ಏಕೆಂದರೆ 	இல்லையென்றால் 	যাতে	જેથી 	ଯେମିତି କି	ज्यामुळे 	তাকি	അതുപോലെ	
once	एक बार	ਇੱਕ ਵਾਰ	ఒకసారి 	ಒಮ್ಮೆ 	ஒருமுறை 	এবাৰ	એકવાર	ଗୋଟେ ଥର	एकदा 	একবার 	ഒരു തവണ	Do it once
because	क्योंकि	ਕਿਉਂਕਿ 	కాబట్టి 	ಏಕೆಂದರೆ 	ஏனெனில்	কাৰণ	કારણ કે	କାରଣ	कारण 	কারণ 	കാരണം	Because you were absent
unless	जब तक	ਜਦੋਂ ਤਕ 	తప్ప 	ಹೊರತು 	வரை 	যদিহে	સિવાય	ଯେବେ ଯାଏଁ	जेव्हा पर्यंत 	যতক্ষন না 	വരെ	Unless you are here .
like	जैसे	ਜਿਵੇਂ	పోలిన 	ಹಾಗೆ 	மாதிரி 	যেনে	જેમ	ଯେମିତି କି	जसे 	যেন 	പോലെ	He is like you.
for	के लिये	ਦੇ ਲਈ	కోసం 	ಗಾಗಿ 	ஏனெனில்	ৰ কাৰণে	માટે	ର ପାଇଁ	च्या साठी 	এর জন্য 	വേണ്ടി 	This is for Arun
that	कि	ਕਿ	అని 	ಏನೆಂದರೆ 	அது 	যে	કે	ଯେ	की 	যে 	അത് 	I never said that I was afraid.
whether	कि	ਕਿ	ఏమో 	ಎಂಬ 	என்பதை	যে	કે	ଯେ	की 	যে 	എന്ന്	I never said whether I was afraid.
since	जब से	ਜਦ ਤੋਂ	నుండి 	ಇಂದ 	இருந்து இதுவரை	ৰ পৰা	ત્યારથી	ଯେବେ ଠାରୁ	जेव्हा पासून 	যখন থেকে 	മുതല്‍	He has had two jobs since he graduated.
while	जब	ਜਦ	అయితే	ಇರುವಾಗ 	போது	যেতিয়া	જ્યારે	ଯେବେ	जेव्हा 	যখন 	എപ്പോൾ	Someone called while you were out.
until	जब तक	ਜਦੋਂ ਤਕ	వరకు 	ಇರುವವರೆಗೂ 	வரை 	যেতিয়ালৈ	જ્યાં સુધી	ଯେବେ ପର୍ଯ୍ୟନ୍ତ	जो पर्यंत 	যতক্ষন না 	വരെ 	We played until it got dark.
till	जब तक	ਜਦੋਂ ਤਕ	వరకు 	ಇರುವವರೆಗೂ 	வரை 	যেতিয়ালৈ	જ્યાં સુધી	ଯେବେ ପର୍ଯ୍ୟନ୍ତ	तो पर्यंत 	এই পর্য্যন্ত 	വരെ 	We played tili it got dark.
as	जैसे	ਜਿਵੇਂ	రీతి 	ರೀತಿ 	மாதிரி 	যেনে	તરીકે	ଯେମିତି କି	जसे 	এর মতো 	പോലെ	The fabric was soft as silk.
so	तो	ਤਾਂ	అలా 	ಆದ್ದರಿಂದ	அதனால்	সেয়ে	તેથી	ତେଣୁ	तर 	তাহলে 	അപ്പോൾ	Please be quiet so I can study.
although	हालांकि	ਹਾਲਾਂਕਿ	అయితే	ಆದರೂ	என்றாலும்	যদিওবা	જોકે	ଯଦିଓ	जरी 	যদিওবা 	എന്നിരുന്നാലും	Although [=while, even though] he was hungry, he could not eat.
though	हालांकि	ਹਾਲਾਂਕਿ	అయితే	ಆದರೂ	என்றாலும்	যদিওবা	જોકે	ଯଦିଓ	जरी 	যদিও	എന്നിരുന്നാലും	though [=while, even though] he was hungry, he could not eat.
before	के पेहले	ਤੋਂ ਪਹਿਲਾਂ	ముందు 	ಮುನ್ನ 	முன்பு 	ৰ আগত	પહેલાં	ର ପୂର୍ବ ରୁ	च्या आधी 	এর আগে 	മുന്‍പ്	Come home before sunset.
than	जितना कि	ਜਿੰਨਾ ਕੇ	కన్న	ಇಂತ 	விட	তকৈ	કરતાં	ଠାରୁ	जेवढे की 	এর থেকে 	അധികം	He can run more quickly than his father
after	के बाद	ਤੋਂ ਬਾਦ	తరువతా 	ನಂತರ 	பிறகு	ৰ পাচত	પછી	ର ପରେ	च्या नंतर 	এর পর 	ശേഷം	Come home after 10
if	अगर	ਜੇ	అయితే	ಪಕ್ಷದಲ್ಲಿ 	எனினும்	যদি	જો	ଯଦି	जर 	যদি 	എങ്കില്‍ 	If he is good, he will play.
preposition with object cardinal(numbers)		He will deliver at 10.										
												
to	तक	ਤਕ	వరకు 	ವರೆಗೂ 	வரை	লৈ	સુધી	ପର୍ଯ୍ୟନ୍ତ	पर्यंत 	পর্য্যন্ত 	വരെ 	The temperature outside rose to 100 degrees.
at	पर	 'ਤੇ	వద్ద 	ಕ್ಕೆ 	மீது 	তাত	પર 	ଠାରେ	वर 	তে 	ക്ക് 	He comes office at 10.
by	तक	ਤਕ	ద్వారా 	ಇಂದ 	வரை	ৰে	સુધી	ପର୍ଯ୍ୟନ୍ତ	पर्यंत 	পর্য্যন্ত 	യോടെ 	By 10 , I will come.
prepositon with object as location(city/place)		I will across the river										
												
to	तक	ਤਕ	వరకు 	ಗೆ 	வரை	লৈ	તરફ	ପର୍ଯ୍ୟନ୍ତ	पर्यंत 	পর্য্যন্ত 	ലേക്ക് 	He travelled to delhi
at	पर	 'ਤੇ	వద్ద 	ಅಲ್ಲಿ 	மீது 	ত	પર 	ଠାରେ	वर 	তে 	ല്‍ 	He is at the 7th cross.
across	के पार	ਦੇ ਪਾਰ	అడ్డంగా 	ದಾಟಿ 	கடந்து	ৰ সিপাৰে	આરપાર	ଆର ପଟେ	च्या जवळ 	ওই পাড়ে 	കുറുകെ	He swam across the river.
by	के पास से	ਦੇ ਨੇੜੇ	దగ్గెర 	ಹತ್ತಿರದಿಂದ 	அருகில் 	ৰ কাষেৰে	આગળ	ପାଖ ରୁ	 जवळ पासून 	এর পাশে 	അടുത്ത്	My home is by the main road
TO disambiguation (Verb + to : suffix)	He is going to him											
												
PLANTS	के पास	ਦੇ ਕੋਲ	దగ్గరకి 	ಹತ್ತಿರ 	அருகில் 	ৰ ওচৰলৈ	ની નજીક	ପାଖକୁ 	च्या जवळ 	এর কাছে 	ടെ  അടുത്തേക്ക്	He is going to plants
CONCEPT	पर	 'ਤੇ	మీద 	ಗೆ 	இல்	ত	પર 	ଉପରେ	वर 	অনুযায়ী 	അനുസരിച്ച് 	He is going according to theorm.
ANIMALS	के पास	ਦੇ ਕੋਲ	దగ్గరకి 	ಹತ್ತಿರ 	அருகில் 	ৰ ওচৰলৈ	ની નજીક	ପାଖକୁ 	च्या जवळ 	এর কাছে 	ടെ  അടുത്തേക്ക്	He is going to the dog.
NON_MOVING_OBJECTS	के पास	ਦੇ ਕੋਲ	దగ్గరకి 	ಹತ್ತಿರ 	அருகில் 	ৰ ওচৰলৈ	ની નજીક	ପାଖକୁ 	च्या जवळ 	এর কাছে 	ടെ  അടുത്തേക്ക്	He is going to the table.
FOOD	को	ਨੂੰ	కి 	ಗೆ 	க்கு 	লৈ	ને	କୁ	ला 	তে 	ന്‍റെ അടുത്തേക്ക്	
TIME	में	 'ਚ	లోకి 	ಕ್ಕೆ 	இல்	ত	માં	କୁ	मध्ये 	তে 	ലേക്ക്	He is going to past(acient times).
HUMANS	के पास	ਦੇ ਕੋਲ	దగ్గరకి 	ಹತ್ತಿರ 	அருகில் 	ৰ ওচৰলৈ	ની નજીક	ପାଖକୁ 	च्या जवळ 	এর কাছে 	ടെ  അടുത്തേക്ക്	He is going to his grandmom.
PHYSICAL_STATE	को	ਨੂੰ	లోకి 	ಕ್ಕಾಗಿ 	க்கு 	ত	ને	କୁ	ला 	তে 	ലേക്ക്	
EVENT	में	 'ਚ	లో 	ಗೆ 	க்கு 	ত	માં	କୁ	मध्ये 	এ 	ന്	He is going to the cultural event.
ANATOMY	को	ਨੂੰ	లో 	ಗೆ 	க்கு 	লৈ	ને	କୁ	ला 	কে	ന്‍റെ അടുത്തേക്ക്	
MENTAL_STATE	में	 'ਚ	లో 	ಗೆ 	இல்	ত	માં	କୁ	मध्ये 	ে	ലേക്ക്	
PLACE	तक/को		కి 	ಗೆ 	க்கு 		ને	କୁ	पर्यंत/ ला 	পর্য্যন্ত 	ലേക്ക് 	He is travelling to delhi
MEASUREMENT	तक	ਤਕ	వరకు 	ವರೆಗೂ 	வரை	লৈ	ત્યાં સુધી	ପର୍ଯ୍ୟନ୍ତ 	पर्यंत 	কে		
ACTION	में	 'ਚ	లో 	ಗೆ 	க்கு 	ত	માં	କୁ	मध्ये 	ে	ലേക്ക്	
GROUP	में	 'ਚ	లో 	ಗೆ 	இடம் 	ত	માં	କୁ	मध्ये 	তে 	ലേക്ക്	He is joining to the group.
EDUCATION	को	ਨੂੰ	కి 	ಗೆ 	க்கு 	ত	ને	କୁ	ला 	এ 	ലേക്ക്	He is going to school
QUALITY	को	ਨੂੰ	లో 	ಗೆ 	க்கு 	লৈ	ને	କୁ	ला 	কে	ആകാന്‍ 	He is going to be great.
MOVING_OBJECTS	के पास	ਦੇ ਕੋਲ	దగ్గరకి 	ಹತ್ತಿರ 	அருகில் 	ৰ ওচৰলৈ	ની નજીક	ପାଖକୁ 	च्या जवळ 	পর্য্যন্ত 	ന്‍റെ അടുത്തേക്ക്	He is going to his car.
									च्या जवळ 	এর কাছে		
prepostion with object (default) - with pronouns												
- same as first table , removing the post positions "-के / ke" , assuming preposition with pronouns												
among	बीच में					মাজত	વચ્ચે	 ମଝିରେ	च्या मध्यभागी 	মধ্যে 	കൂടെ	
pursuant to	अनुसार					মতে	મુજબ	 ଅନୁଯାଇ	च्या अनुसार 	অনুসারে 	പ്രകാരം	
with a view to	 लक्ष्य से					লক্ষ ৰাখি	ધ્યેય થી	 ଲକ୍ଷ ରେ	लक्ष्य नुसार 	লক্ষ্য 	ഒരു കാഴ്ചപ്പാടോടെ	
less	 अलावा					বাহিৰে	 વગર	 ବଦଳ ରେ	च्या शिवाय 	ছাড়া 	കുറവ്	
into	में					ভিতৰলৈ	માં	ରେ	मध्ये 	মধ্যে 	ഉള്ളിലേക്ക് 	
within	 अंदर					ভিতৰত	અંદર	 ଭିତରେ	आत मध्ये 	এর মধ্যে 	അകത്ത്	
while	जब तक					যেতিয়ালৈ	જ્યાર સુધી 	ଯେବେ ଯାଏଁ	जो पर्यंत 	যখন	സമയത്ത്	
mid	 बीच					মাজত	મધ્યે	 ମଝି	मध्ये 	মধ্যে 	മധ്യ	
down	 निचे					তলত	નીચે	 ତଳ	खाली 	নীচে 	താഴേക്ക്	
according to	 अनुसार					মতে	મુજબ 	 ଅନୁଯାଇ	अनुसार 	অনুসার 	അതുപ്രകാരം	
anti	 खिलाफ					বিপৰিতে	વિરુદ્ધ	 ବିରୁଦ୍ଧ ରେ	विरुद्ध 	বিরুদ্ধে 	വിരുദ്ധം	
outside of	 बाहर					বাহিৰত	બહાર	 ବାହାରେ	बाहेर 	বাইরে 	അതിനു പുറത്ത്	
next	अगला					পৰবৰ্ত্তী	આગલું	 ପର	पुढील 	পরবর্তী 	അടുത്ത	
at the behest of	 कहने पर					কোৱাৰ মতে	કેહવા મુજબ	 କହିବା ରୁ	सांगण्या वरून 	বলার পর 	നിർദ്ദേശപ്രകാരം	
abreast	बराबर					সমান	સમાન	ସମାନ	बरोबर 	সমান 	ഇടയ്ക്കിടെ	
before	से पहले					আগত	પેહલા	 ପୂର୍ବରୁ	च्या आधी 	এর আগে 	മുമ്പ്	
considering	ध्यान में रखते हुए					ধ্যানত ৰাখি	ધ્યાનમાં રાખી ને	ଧ୍ୟାନ ରେ ରଖି	लक्ष्यात घेऊन 	বিবেচনা করে 	പരിഗണിച്ച്	
beside	के साथ					কাষত	સાથે	 ସାଙ୍ଗରେ	च्या सोबत 	এর পাশাপাশি 	അരികിൽ	
from	से					পৰা	થી	ରୁ	पासून 	থেকে 	മുതൽ	
even if	भले ही					যদিওবা	ભલે જો	ଯଦି ବି	जरी हे 	যদিও 	എന്നിരുന്നാലും	
except	 अलावा					বাহিৰে	સિવાય	 ଛଡା	च्या शिवाय 	ছাড়া 	ഒഴികെ	
amidst	 बीच					মাজত	 મધ્યે	 ମଝି	मध्ये 	মধ্যে 	നടുവിലൂടെ	
by	 द्वारा					দ্ৱাৰা	દ્વારા	 ଦ୍ଵାରା	द्वारा 	দ্বারা 	വഴി	
to	को					লৈ	ને	କୁ	ला 	তে 	ലേക്ക്	
ahead of	 आगे					আগত	આગે	 ଆଗରେ	पुढे 	আগে 	മുന്നിൽ	
of	का					-	ની	ର	याचे 	এর 	അതിൽ	
up	 ऊपर					ওপৰত	ઉપર	 ଉପରେ	वर 	উপর 	മുകളിലേക്ക്	
by virtue of	 आधार पर					আধাৰ কৰি	આધાર પર	 ଆଧାରେ	या आधार वर 	এর ভিত্তিতে 	അടിസ്ഥാനത്തിൽ	
under	 नीचे					তলত	નીચે	 ତଳେ	खाली 	নীচে 	കീഴെ	
such as	जैसे					যেনে	જેમકે	ଯେମିତି କି	जसे 	এর মতন 	അതുപോലെ	
as soon as	जल्द से जल्द					যিমান পাৰি সিমান সোনকালে	જલ્દીથી જલ્દી	ଯେତେ ଜଲ୍ଦି ହେଇ ପରେ	लवकरात लवकर 	যত তাড়াতাড়ি 	ഉടനടി	
with regard to	 सम्बन्ध में					সম্মন্ধত	 વિષય માં	 ସମ୍ବନ୍ଧ ରେ	या संधर्भात 	এর সম্বন্ধে 	സംബന്ധിച്ച	
circa	लगभग					প্ৰায়	લગભગ	ପାଖା ପାଖି	जवळ जवळ 	প্রায় 	കുറിച്ച്	
over	 ऊपर					ওপৰত	ઉપર	 ଉପରେ	वर 	উপর 	മേൽ	
as of	 रूप में					ৰূপত	રૂપમાં 	 ରୂପ ରେ	या रूपात 	এই রুপে 	പോലെ	
versus	 मुक़ाबले					বিপৰিতে	વિરુદ્ધ	 ମୁକାବିଲା ରେ	च्या तुलनेत 	বিপক্ষে , বিরুদ্ধে 	എതിരായി	
through	 माध्यम से					মাধ্যমেৰে	દ્વારા	 ମାଧ୍ୟମ ରେ	या माध्यमातून 	এর মাধ্যমে 	മുഖാന്തിരം	
around	 आस पास					আসে পাসে	આજુબાજુ	 ଆଖ ପାଖ ରେ	सुमारे 	এর কাছাকাছি 	ചുറ്റും	
than	से					কৈ	થી	ଠାରୁ	पासून 	থেকে 	അധികം	
outside	 बाहर					বাহিৰত	બહાર	 ବାହାରେ	बाहेर 	বাইরে 	പുറത്ത്	
adjacent to	 पास					ওচৰত	બાજુમાં 	 ପାଖ ରେ	लगत 	নিকটে	 ന്‍റെ അടുത്ത്	
in accordance with	 अनुसार					অনুসাৰে	અનુસાર	 ଅନୁସାରେ	अनुसार 	অনুসার 	ഇതനുസരിച്ച്	
amongst	 बीच में					ভিতৰত	મધ્યમાં	 ମଝିରେ	मध्ये 	মধ্যে 	ഇടയിൽ	
underneath	 नीचे					তলত	નીચે 	 ତଳେ	खाली 	নীচে 	കീഴെ	
upside	उल्टा					ওলোটা	ઊંધું	 ତଳେ	उलट 	উল্টা 	ഉയർച്ച	
despite	 बावजूद					স্বত্তেও	છતાં	 ସତ୍ତ୍ବେ	तरी सुद्धा 	তা স্বত্তেও 	എങ്കിലും	
during	 दौरान					সময়ত	દરમ્યાન	 ବେଳେ	या दरम्यान 	চলাকালীন 	സമയത്ത്	
with	 साथ					সৈতে	સાથે	 ସାଙ୍ଗରେ	बरोबर 	সাথে 	കൂടെ	
below	 नीचे					তলত	 નીચે	 ତଳେ	खाली 	নীচে 	താഴെ	
absent	 बिना					অবিহনে	ગેરહાજર	 ଛଡା	च्या शिवाय 	ছাড়া, বিনা 	അഭാവത്തിൽ	
regarding	 बारे में					বিষয়ে	સંબંધિત	 ବିଷୟ ରେ 	च्या विषयी 	এর সম্বন্ধে 	കുറിച്ച്	
save	 अलावा					বাহিৰে	વગર	 ଛଡା	शिवाय 	ছাড়া 	രക്ഷിക്കും	
bar	 अलावा					বাহিৰে	વગર	ଛଡା	शिवाय 	ছাড়া	ഇതു കൂടാതെ	
like	जैसे					নিচিনা	જેમકે 	ଯେମିତି କି	जसे 	এর মতো	അതു പോലെ	
excluding	 हटा कर					এৰি	બાદ કરી 	କୁ ଛାଡି	ला काढून 	ব্যতীত	ഒഴികെ	
inside	 अंदर					ভিতৰত	અંદર	 ଭିତରେ	आतमध्ये 	এর ভিতর	ഉള്ളിൽ	
by means of	 ज़रिये					জৰিয়তে	માધ્યમ દ્વારા	 ବ୍ୟବହାର କରି	या व्‍दारा 	উপায়ে	മുഖേന	
as far as	जहाँ तक					যিমানলৈ	જ્યાં સુધી	ଯେବେ ଯାଏଁ	जीथ्‍ा पर्यंत 	যতদুর	അതുവരെ	
because of	वजह से					কাৰণে	કારણે	 ପାଇଁ	या कारणाने 	এর কারণে	കാരണം	
as regards	 सम्बन्ध में					সম্মন্ধত	બાબતે	 ସମ୍ବନ୍ଧ ରେ	या संदर्भात 	এর সম্বন্ধে	ഇതിനെ സംബന്ധിച്ച്	
until	तक					লৈকে	ત્યાં સુધી	ଯାଏଁ	पर्यंत 	পর্য্যন্ত 	വരെ	
as well as	साथ ही साथ					লগতে	તેમજ	 ସାଙ୍ଗରେ	या सोबत 	এর সাথে	അതുപോലെ തന്നെ	
opposite of	 विपरीत					বিপৰিতে	વિરુદ્ધ	 ବିପରୀତ ରେ	च्‍या विरुध्‍द 	এর বিপরীত	വിപരീതമായ	
due to	 वजह से					কাৰণে	કારણે	 ଯୋଗୁଁ 	कारणामुळे 	কারণে	കാരണം	
following	होने पर					হোৱাৰ পিচত	થવા પર	ହବା ଯୋଗୁଁ	झाल्यावर 	হওয়ার জন্য	പിന്തുടരുന്നു	
near to	 पास					কাষত	નજીક	 ପାଖରେ	जवळ 	নিকটে	സമീപം	
beneath	 नीचे					তলত	નીચે	ତଳେ	खाली 	এর নীচে	കീഴ്ഭാഗത്ത്	
minus	 सिवाय					অবিহনে	વગર	ଛଡା	शिवाय 	এটা ছাড়া	ഒഴികെ	
pre	 पूर्व					পূৰ্বে	પૂર્વ	 ପୂର୍ବ ରୁ	आधी 	পূর্ব	മുന്‍പ് 	
atop	 ऊपर					ওপৰত	ઉપર	 ଉପରେ	वरती 	উপর	മുകളിൽ	
on account of	 वजह से					কাৰণে	કારણે	 ଲାଗି	कारणामुळे 	এর কারণে	കാരണം	
in spite of	 बावजूद					স্বত্তেও	તેમ છતા પણ	 ପରେ ବି	तरी सुद्धा 	তা স্বত্তেও	എന്നിട്ടുപോലും	
in lieu of	बदले					পৰিবৰ্ত্তে	બદલે	ବଦଳ ରେ	या बदल्यात 	পরিবর্তে	പകരം	
alongside	 साथ					সৈতে	સાથે	 ସାଙ୍ଗରେ	सोबत 	সাথে	അതോടൊപ്പം	
near	 पास					কাষত	નજીક	 ପାଖରେ	जवळ 	নিকট	സമീപം	
next to	बगल में					কাষত	પછીનું	 ପାଖରେ	बाजूला 	এর পরে	അടുത്തതായി	
past	 बाद					পিছত	પછી	ପରେ	नंतर 	পর	കഴിഞ്ഞ	
owing to	 कारण					কাৰণে	કારણે	 କାରଣ ରୁ	कारण 	কারণ	കാരണം	
as	 जैसा					নিচিনা	તરીકે	 ଭଳି	जसे 	এর মতো	പോലെ	
at	पर					ওপৰত	પર 	ଠାରେ	वर 	তে	ല്‍ 	
with respect to	सम्बन्ध में					তুলনাত	ને સંબંધિત	 ସମ୍ବନ୍ଧ ରେ	या संदर्भातील 	এর সম্বন্ধে	അതു സംബന്ധിച്ച് 	
in	में					ভিতৰত	માં	ରେ	मध्ये 	মধ্যে	അകത്ത്	
notwithstanding	 बावजूद					স্বত্তেও	તેમ છતાં	 ପରେ ବି	तरी सुद्धा 	তথাপি	ഉണ്ടെന്നിരുന്നാലും	
beyond	 बाहर					বাহিৰত	બહાર	 ବାହାରେ	बाहेर 	বাইরে	അതിനപ്പുറം	
opposite to	 सामने					সন্মুখত	વિરુદ્ધ	 ସାମନା ରେ	विरुद्ध 	সামনে	മുന്നില്‍ 	
close to	 पास					ওচৰত	નજીક	 ପାଖ ରେ	जवळ 	এর কাছে	അടുത്ത്	
in front of	सामने					সন্মুখত	સામે	 ସାମନା ରେ	च्या समोर 	এর সামনে	മുമ്പിൽ	
thanks to	बदौलत					জৰিয়তে	કારણે 	 ଦୟା ରୁ	या बदल्यात 	বদলে	നന്ദി	
for	लिए					কাৰণে	માટે	ପାଇଁ	साठी 	জন্য	വേണ്ടി 	
as if	जैसे की					যেন	જેમકે 	ଯେମିତି କି	जसे की 	যেন	പോലെ	
since	से					পৰা	થી 	ରୁ	पासून 	থেকে	മുതലുള്ള	
rather than	 बजाय					বৰঞ্চ	તેના કરતા	 ବଦଳ ରେ	त्या ऐवजी 	বরং	അതിലും കൂടുതൽ	
aside from	 अलावा					বাহিৰে	સિવાય	 ବଦଳ ରେ	तसेच 	এটা ছাড়া	അതല്ലാതെ	
per	का					প্ৰতি	પ્રતિ	ପ୍ରତି	याचे 	প্রতি	ഓരോ	
subsequent to	 बाद					পিচত	પછી 	 ପରେ	नंतर 	পরবর্তী	അതിനുശേഷം	
as opposed to	 मुकाबले					বিপৰিতে	વિરોધ માં	 ମୁକାବିଲା ରେ	च्या तुलनेत 	এর তুলনায়	എതിരെയുളള	
till	तक					লৈ	સુધી	ଯାଏଁ	पर्यंत 	পর্য্যন্ত 	വരെ	
behind	 पीछे					পিচত	પાછળ 	 ପଛ ରେ	मागे 	পিছনে	പിന്നിൽ	
up to	तक					লৈ	સુધી 	ଯାଏଁ	पर्यन्त 	পর্য্যন্ত 	 വരെ	
on top of	 ऊपर					ওপৰত	ઉપર 	 ଉପରେ	वर 	উপর	ന്‍റെ മുകളില്‍ 	
astride	 आर-पार					ইপাৰ সিপাৰ	આર પાર 	 ଏପଟେ-ସେପଟେ	च्या आर- पार 		അരികിൽ	
above	 ऊपर					ওপৰত	ઉપર 	 ଉପରେ	वर 	উপর	മുകളിൽ	
between	 बीच में					মাজত	વચમાં 	 ମଝିରେ	मध्ये 	মধ্যে'	ഇടയില്	
out of	 से					মাজৰ পৰা	માંથી 	ରୁ	पासून 	থেকে	ല്‍ നിന്നും	
out	 बाहर					বাহিৰ	બહાર		बाहेर 	বাইরে	പുറത്ത്	
across	में					ওপৰত	સમગ્ર	ରେ	मध्ये 	মধ্যে	കുറുകേ	
apart from	 अलावा					বাহিৰে	સિવાય	ଛଡା	शिवाय 	ছাড়া	ഇതുകൂടാതെ	
on behalf of	 ओर से					ফালৰ পৰা	વતી	 ତରଫ ରୁ	पासून 	তরফে	ഇതിന്റെ പേരിൽ	
towards	 तरफ					তৰফলৈ	તરફ	ଆଡକୁ	पुढे 	দিকে	ഭാഗത്തേക്കു	
in addition to	 साथ					লগতে	સાથે 	କୁ ମିସେଇ କରି	सोबत 	সাথে	ഇതിനുപുറമെ	
opposite	 सामने					সন্মুখত	વિરુદ્ધ	 ଆଗରେ	विरुद्ध 	বিরুদ্ধে	ന്‍റെ മുന്നില്‍ 	
after	 बाद					পাছত	પછી	 ପରେ	नंतर 	পর	ശേഷം	
upon	पर					ওপৰত	ઉપર	ଉପରେ	वर 	উপর	മേൽ	
in order to	 लिए					কাৰণে	અનુસાર	 ଲାଗି	साठी 	জন্য	ഇതിനായി	
in case of	 मामले में					বিষয়ত	એ પરિસ્થિતિ માં	 ବେଳେ	या बाबतीत 	এই ক্ষেত্রে	അത്തരം സാഹചര്യത്തിൽ	
if	अगर					যদি	જો	ଯଦି	जर 	যদি	എങ്കിൽ	
but	लेकिन					কিন্তু	પરંતુ	କିନ୍ତୁ	परंतु 	কিন্তু	പക്ഷേ	
besides	 अलावा					বাহিৰে	ઉપરાંત	କୁ ଛାଡି	शिवाय 	ছাড়া	കൂടാതെ	
throughout	 दौरान					সময়ত	સમગ્ર	କୁ ବେଳେ	दरम्यान 	তা স্বত্তেও	മുഴുവൻ	
astern of	 पीछे					পিচত	અસ્થિ	 ପଛ ରେ	मागे 	এর পিছনে	ന്‍റെ പുറകില്‍ 	
along	 साथ					সৈতে	સાથે	 ସାଙ୍ଗରେ	सोबत 	সাথে	 കൂടെ 	
as per	के अनुसार					অনুসাৰে	આ પ્રમાણે	 ଅନୁଯାଇ	च्या अनुसार 	এই অনুসারে	പ്രകാരം	
abroad	विदेश					বিদেশ	વિદેશમાં	ବିଦେଶ	विदेश 	বিদেশ	വിദേശത്ത്	
in place of	बदले					ঠাইত	તેની જગ્યાએ	 ବଦଳ ରେ	या बदल्यात 	এর স্থানে 	അതിനു പകരമായി	
a	एक					এক	એક 	ଗୋଟେ	एक 	এক	ഒരു	
on	पर					ওপৰত	પર 	ଉପରେ	वर 	উপর	മുകളില്‍	
about	 बारे में					বিষয়ে	વિષયમાં 	 ବିଷୟ ରେ	या विषयात 	সম্বন্ধে	കുറിച്ച്	
off	 दूर					পৰা আতৰত	દૂર 	ରୁ ଦୂର	दूर 	দূরে	അകലെ നിന്ന് 	
unlike	 भिन्न					বিপৰিতে	થી ભિન્ન 	ଠାରୁ ଭିନ୍ନ	वेगळे 	ভিন্ন	നിന്ന് വ്യത്യസ്തമാണ് 	
inside of	 अंदर					ভিতৰত	અંદર	 ଭିତରେ	आत मध्ये 	এর মধ্যে	ന്‍റെ അകത്ത് 	
back to	वापस					উভতি	પાછળ	ପୁଣି ଥରେ	परत 	ফেরত্	തിരിച്ച്	
via	 द्वारा					দ্ৱাৰা	દ્વારા	 ଦ୍ୱାରା	द्वारा 	মাধ্যমে	വഴി	
amid	 बीच					মাজত	વચ્ચે	 ମଝିରେ	मध्ये 	মধ্যে	ന്‍റെ ഇടയില്‍	
worth	 लायक					যোগ্য	યોગ્ય 	 ଯୋଗ୍ୟ	योग्य 	যোগ্য	വിലമതിക്കുന്നു 	
against	 खिलाफ					বিৰুদ্ধে	સામે	 ବିରୁଦ୍ଧ ରେ	विरुद्ध 	বিরুদ্ধে	ന് എതിരാണ്  	
round	 चारों ओर					চাৰিও ফালে	ચારે બાજુ 	ସବୁ ପଟେ	चारी बाजुंना 	চারিদিকে	ചുറ്റും	
without	 बिना					অবিহনে	વગર	 ଛଡା	शिवाय 	ছাড়া	കൂടാതെ 	
plus	और					আৰু	અને 	ଆଉ	अधिक 	অধিক	അധികം 	
aboard	पर					উঠি	પર 	ଉପରେ	वर 	উপর	ല്‍ 	
prior to	 पहले					আগত	પહેલાં	 ପୂର୍ବ ରୁ	पहिले 	পূর্বে	അതിനു മുന്‍പ്	
regardless of	 बावजूद					নিৰ্বিশেষে	તે છતાં 	 ସତ୍ତ୍ୱେ	तरी सुद्धा 	নির্বিশেষে	പരിഗണിക്കാതെ	
onto	पर					ওপৰলৈ	પર	ଉପରେ	वर 	উপর	മുകളിലേക്ക്	
that	कि					যে	કે	ଯେ	की 	যে	അത്	
instead of	 बजाय					পৰিবৰ্ত্তে	બદલે	 ବଦଳ ରେ	त्याऐवजी	পরিবর্তে	അതിനു പകരം	
once	एक बार					এবাৰ	એકવાર	ଗୋଟେ ଥର	एकदा 	একদা	ഒരിക്കല്‍ 	
Suffixes												
PREP_AGENT 	के द्वारा					ৰ দ্ৱাৰা	ના દ્વારા	ର ଦ୍ୱାରା	या द्वारा 	এর দ্বারা	വഴി	
												
OF_ME_SE 	में से					ৰ ভিতৰত	માંથી 	ରୁ 	या मधून 	আমার থেকে	ല്‍ നിന്നും	
												
DEFAULT_TO_SUFFIX	को					ক	ને	କୁ 	ला 	কে	ലേക്ക്	
												
TALK_TO_SUFFIX	से					ৰ লগত	થી	ଠାରୁ 	पासून 	থেকে	നിന്നും	
												
AS_JJ_AS_PREFIX	के जितना					ৰ সমান	હોય તેટલું	ଭଳି 	या इतके 	কে যত	വളരെ	
												
POSSESSIVE_SUFFIX	का					ৰ	ની	ର	चे 	এর	അതിൽ	